SET IDENTITY_INSERT [dbo].[authors] ON;
INSERT [dbo].[authors] ([a_id], [a_name]) VALUES (1, N'Д. Кнут');
INSERT [dbo].[authors] ([a_id], [a_name]) VALUES (2, N'А. Азимов');
INSERT [dbo].[authors] ([a_id], [a_name]) VALUES (3, N'Д. Карнеги');
INSERT [dbo].[authors] ([a_id], [a_name]) VALUES (4, N'Л.Д. Ландау');
INSERT [dbo].[authors] ([a_id], [a_name]) VALUES (5, N'Е.М. Лифшиц');
INSERT [dbo].[authors] ([a_id], [a_name]) VALUES (6, N'Б. Страуструп');
INSERT [dbo].[authors] ([a_id], [a_name]) VALUES (7, N'А.С. Пушкин');
SET IDENTITY_INSERT [dbo].[authors] OFF;

SET IDENTITY_INSERT [dbo].[books] ON;
INSERT [dbo].[books] ([b_id], [b_name], [b_year], [b_quantity]) VALUES (1, N'Евгений Онегин', 1985, 2);
INSERT [dbo].[books] ([b_id], [b_name], [b_year], [b_quantity]) VALUES (2, N'Сказка о рыбаке и рыбке', 1990, 3);
INSERT [dbo].[books] ([b_id], [b_name], [b_year], [b_quantity]) VALUES (3, N'Основание и империя', 2000, 5);
INSERT [dbo].[books] ([b_id], [b_name], [b_year], [b_quantity]) VALUES (4, N'Психология программирования', 1998, 1);
INSERT [dbo].[books] ([b_id], [b_name], [b_year], [b_quantity]) VALUES (5, N'Язык программирования С++', 1996, 3);
INSERT [dbo].[books] ([b_id], [b_name], [b_year], [b_quantity]) VALUES (6, N'Курс теоретической физики', 1981, 12);
INSERT [dbo].[books] ([b_id], [b_name], [b_year], [b_quantity]) VALUES (7, N'Искусство программирования', 1993, 7);
SET IDENTITY_INSERT [dbo].[books] OFF;

SET IDENTITY_INSERT [dbo].[genres] ON;
INSERT [dbo].[genres] ([g_id], [g_name]) VALUES (5, N'Классика');
INSERT [dbo].[genres] ([g_id], [g_name]) VALUES (4, N'Наука');
INSERT [dbo].[genres] ([g_id], [g_name]) VALUES (1, N'Поэзия');
INSERT [dbo].[genres] ([g_id], [g_name]) VALUES (2, N'Программирование');
INSERT [dbo].[genres] ([g_id], [g_name]) VALUES (3, N'Психология');
INSERT [dbo].[genres] ([g_id], [g_name]) VALUES (6, N'Фантастика');
SET IDENTITY_INSERT [dbo].[genres] OFF;

INSERT [dbo].[m2m_books_authors] ([b_id], [a_id]) VALUES (1, 7);
INSERT [dbo].[m2m_books_authors] ([b_id], [a_id]) VALUES (2, 7);
INSERT [dbo].[m2m_books_authors] ([b_id], [a_id]) VALUES (3, 2);
INSERT [dbo].[m2m_books_authors] ([b_id], [a_id]) VALUES (4, 3);
INSERT [dbo].[m2m_books_authors] ([b_id], [a_id]) VALUES (4, 6);
INSERT [dbo].[m2m_books_authors] ([b_id], [a_id]) VALUES (5, 6);
INSERT [dbo].[m2m_books_authors] ([b_id], [a_id]) VALUES (6, 4);
INSERT [dbo].[m2m_books_authors] ([b_id], [a_id]) VALUES (6, 5);
INSERT [dbo].[m2m_books_authors] ([b_id], [a_id]) VALUES (7, 1);
INSERT [dbo].[m2m_books_genres] ([b_id], [g_id]) VALUES (1, 1);
INSERT [dbo].[m2m_books_genres] ([b_id], [g_id]) VALUES (1, 5);
INSERT [dbo].[m2m_books_genres] ([b_id], [g_id]) VALUES (2, 1);
INSERT [dbo].[m2m_books_genres] ([b_id], [g_id]) VALUES (2, 5);
INSERT [dbo].[m2m_books_genres] ([b_id], [g_id]) VALUES (3, 6);
INSERT [dbo].[m2m_books_genres] ([b_id], [g_id]) VALUES (4, 2);
INSERT [dbo].[m2m_books_genres] ([b_id], [g_id]) VALUES (4, 3);
INSERT [dbo].[m2m_books_genres] ([b_id], [g_id]) VALUES (5, 2);
INSERT [dbo].[m2m_books_genres] ([b_id], [g_id]) VALUES (6, 5);
INSERT [dbo].[m2m_books_genres] ([b_id], [g_id]) VALUES (7, 2);
INSERT [dbo].[m2m_books_genres] ([b_id], [g_id]) VALUES (7, 5);

SET IDENTITY_INSERT [dbo].[subscribers] ON;
INSERT [dbo].[subscribers] ([s_id], [s_name]) VALUES (1, N'Иванов И.И.');
INSERT [dbo].[subscribers] ([s_id], [s_name]) VALUES (2, N'Петров П.П.');
INSERT [dbo].[subscribers] ([s_id], [s_name]) VALUES (3, N'Сидоров С.С.');
INSERT [dbo].[subscribers] ([s_id], [s_name]) VALUES (4, N'Сидоров С.С.');
SET IDENTITY_INSERT [dbo].[subscribers] OFF;

SET IDENTITY_INSERT [dbo].[subscriptions] ON;
INSERT [dbo].[subscriptions] ([sb_id], [sb_subscriber], [sb_book], [sb_start], [sb_finish], [sb_is_active]) VALUES (2, 1, 1, CAST(N'2011-01-12' AS Date), CAST(N'2011-02-12' AS Date), N'N');
INSERT [dbo].[subscriptions] ([sb_id], [sb_subscriber], [sb_book], [sb_start], [sb_finish], [sb_is_active]) VALUES (3, 3, 3, CAST(N'2012-05-17' AS Date), CAST(N'2012-07-17' AS Date), N'Y');
INSERT [dbo].[subscriptions] ([sb_id], [sb_subscriber], [sb_book], [sb_start], [sb_finish], [sb_is_active]) VALUES (42, 1, 2, CAST(N'2012-06-11' AS Date), CAST(N'2012-08-11' AS Date), N'N');
INSERT [dbo].[subscriptions] ([sb_id], [sb_subscriber], [sb_book], [sb_start], [sb_finish], [sb_is_active]) VALUES (57, 4, 5, CAST(N'2012-06-11' AS Date), CAST(N'2012-08-11' AS Date), N'N');
INSERT [dbo].[subscriptions] ([sb_id], [sb_subscriber], [sb_book], [sb_start], [sb_finish], [sb_is_active]) VALUES (61, 1, 7, CAST(N'2014-08-03' AS Date), CAST(N'2014-10-03' AS Date), N'N');
INSERT [dbo].[subscriptions] ([sb_id], [sb_subscriber], [sb_book], [sb_start], [sb_finish], [sb_is_active]) VALUES (62, 3, 5, CAST(N'2014-08-03' AS Date), CAST(N'2014-10-03' AS Date), N'Y');
INSERT [dbo].[subscriptions] ([sb_id], [sb_subscriber], [sb_book], [sb_start], [sb_finish], [sb_is_active]) VALUES (86, 3, 1, CAST(N'2014-08-03' AS Date), CAST(N'2014-09-03' AS Date), N'Y');
INSERT [dbo].[subscriptions] ([sb_id], [sb_subscriber], [sb_book], [sb_start], [sb_finish], [sb_is_active]) VALUES (91, 4, 1, CAST(N'2015-10-07' AS Date), CAST(N'2015-03-07' AS Date), N'Y');
INSERT [dbo].[subscriptions] ([sb_id], [sb_subscriber], [sb_book], [sb_start], [sb_finish], [sb_is_active]) VALUES (95, 1, 4, CAST(N'2015-10-07' AS Date), CAST(N'2015-11-07' AS Date), N'N');
INSERT [dbo].[subscriptions] ([sb_id], [sb_subscriber], [sb_book], [sb_start], [sb_finish], [sb_is_active]) VALUES (99, 4, 4, CAST(N'2015-10-08' AS Date), CAST(N'2025-11-08' AS Date), N'Y');
INSERT [dbo].[subscriptions] ([sb_id], [sb_subscriber], [sb_book], [sb_start], [sb_finish], [sb_is_active]) VALUES (100, 1, 3, CAST(N'2011-01-12' AS Date), CAST(N'2011-02-12' AS Date), N'N');
SET IDENTITY_INSERT [dbo].[subscriptions] OFF;